amputation,3830
guide,1024
gentleman,1023
wow,980
historyinpix,978
leg,421
right,292
go,271
tolisso,266
tackle,266
lyon,266
tancredipalmeri,264
cat,262
help,248
first,233
doctor,232
jayalalithaa,230
transplant,224
sepsis,221
organ,220
amp,218
performed,217
woman,214
died,207
mile,204
stoning,200
law,187
full,177
part,160
prosthetic,158
sharia,155
losing,147
death,146
like,144
ran,138
archibeque,138
get,138
paulina,138
abc,134
amma,132
aiadmkofficial,130
honourable,130
declawing,122
bear,121
hand,120
claw,119
veterinarian,118
limb,116
chain,113
mary,113
jesus,113
say,99
iran,94
finger,93
flogging,92
trap,92
end,91
equivalent,91
homosexual,90
presidentmiaou,88
unless,88
foot,88
execution,88
candyland,88
consequence,88
apostate,88
mandate,88
cure,87
harryshumjr,87
via,87
artifici,87
country,86
counterdawahism,86
medical,85
life,84
allows,82
surgery,78
diabetes,78
basic,77
since,77
denies,76
legally,76
run,75
killed,75
lect,74
bone,73
dog,72
thanks,72
year,71
polyuria,69
need,69
time,68
watch,68
kansa,66
punishment,65
patient,65
crp,65
could,64
man,64
please,64
new,61
carried,61
diabetic,60
prisoner,59
work,58
way,57
polydipsia,57
one,57
heel,57
would,55
save,55
chair,55
beach,52
due,52
helped,52
recovering,51
world,51
visit,50
broken,50
recall,49
printed,48
weight,48
tondarcanada,48
saying,47
away,47
suffer,47
spray,47
avoids,46
term,46
act,46
really,46
korea,46
animal,46
abandoned,46
andrewtumilty,45
loss,45
pepper,45
comprehend,44
witnessing,44
ignorance,44
assault,44
liberal,44
address,44
suggesting,44
impossible,44
leitch,44
dismissal,44
sexual,44
u,44
many,43
including,43
arthri,43
risk,42
ifighton,42
field,42
injury,42
day,42
kind,40
arm,40
different,39
ikea,38
record,38
without,37
news,36
tail,36
case,36
cause,36
saw,35
pain,35
toe,34
grader,34
damage,33
people,33
gt,33
lt,33
classicepics,32
bad,32
nowplaying,32
ryker,32
story,32
fingertip,32
got,31
pad,31
sweet,31
injured,31
brandy,30
big,30
ago,30
dr,29
share,29
took,29
hit,29
treated,29
excessive,29
bnightscrps,29
even,28
give,28
anything,28
civilian,28
nbcdfw,28
treatment,28
child,27
kid,27
canada,27
think,27
difference,27
know,27
mean,26
abi,26
left,26
super,26
thank,26
cancer,26
terrible,26
least,26
bulldog,26
amer,26
well,26
call,25
return,25
yr,25
urgentdogsmiami,25
prevent,24
exclusive,24
thousand,24
running,24
polyphagia,24
good,24
shocking,24
reported,23
symptom,23
cut,23
dead,23
foxnews,23
update,23
also,23
use,23
postponed,22
hold,22
heatherlgornik,22
delconde,22
accident,22
much,22
make,22
nerve,22
around,22
read,22
fall,22
beale,22
see,22
complication,22
pt,22
fire,22
wish,22
stat,22
solution,21
nurse,21
week,21
someone,21
consumersfirst,21
double,21
mt,20
want,20
three,20
andy,20
may,20
marine,20
thing,20
royal,20
knee,20
killing,20
former,20
youtube,20
carbs,20
underdx,20
hiimreverie,20
click,20
keep,20
transplantation,20
harml,19
wrong,19
better,19
wound,19
post,19
regime,19
early,19
led,19
infection,19
johnmitchelldc,19
female,19
president,18
vanco,18
vet,18
muslim,18
unitelegal,18
live,18
going,18
ajitpaifcc,18
amputee,18
differentkindofpresident,18
eye,18
plan,18
donate,18
whole,18
themarychain,18
rape,18
timesnow,18
made,18
honor,17
doc,17
yes,17
data,17
according,17
might,17
bionic,17
done,17
analysis,17
great,17
traumatic,17
runnersworlduk,16
tell,16
free,16
isi,16
victim,16
said,16
besieged,16
waer,16
research,16
zombie,16
titusnation,16
molly,16
wounded,16
lose,16
wendy,16
timesofindia,16
saved,15
void,15
stop,15
result,15
thejesusandmarychain,15
support,15
pedophilia,15
amnesty,15
anyone,15
medic,15
driver,15
ban,15
common,15
raising,15
called,15
body,15
danger,15
tonight,15
promotes,15
student,15
perkyflower,14
sheffieldhosp,14
bomb,14
kia,14
today,14
hope,14
sheffield,14
care,14
blinding,14
dka,14
punishes,14
prolific,14
month,14
follow,14
rate,14
richard,14
soldier,14
economictimes,14
corporal,14
soundofyoungsco,14
gas,14
wia,14
martin,14
liamdevlincasey,14
lower,14
assad,14
mortality,14
insidious,14
volunteer,14
thought,14
lost,14
anesthesia,14
wo,13
beloved,13
n,13
diet,13
guy,13
love,13
gofundme,13
euromaidanpr,13
money,13
radsavanna,13
complete,13
two,13
historytolearn,13
bill,13
back,13
video,13
able,13
state,13
israelproject,13
criticallimbischemia,12
artillery,12
asked,12
went,12
god,12
never,12
head,12
check,12
suffered,12
die,12
trump,12
stroke,12
thetorontosun,12
girl,12
surgical,12
ted,12
learn,12
radical,12
option,12
airstrikes,12
nbcnewyork,12
remains,12
baby,12
thigh,12
medal,12
joy,12
homs,12
seems,11
urination,11
congratulate,11
discus,11
take,11
poll,11
mark,11
lol,11
low,11
dollar,11
version,11
blood,11
surgeon,11
actually,11
hard,11
feel,11
divorce,11
australia,11
dgarmstrong,11
something,11
united,11
front,11
long,11
http,11
official,11
understand,11
quadruple,10
torontostar,10
recovery,10
elmo,10
western,10
best,10
subject,10
wtl,10
cnndebatenight,10
shit,10
skin,10
merlin,10
level,10
heart,10
maybe,10
thirst,10
chemo,10
sure,10
tytlive,10
barbaric,10
cardiologytoday,10
evening,10
mom,10
soon,10
operation,10
beginning,10
ottawacit,10
reduction,10
cheek,10
person,10
bit,10
partial,10
scotspostpunk,10
leaving,10
anywhere,10
compensation,10
linked,10
congrats,10
apollo,10
strongly,10
jihad,9
sorry,9
recommend,9
md,9
safe,9
therapy,9
fuckin,9
project,9
lewis,9
radio,9
ulcer,9
physician,9
im,9
photo,9
following,9
little,9
dkennedyhands,9
andrew,9
blog,9
oh,9
stand,9
as,9
worldgovsummit,9
wife,9
comparing,9
male,9
upper,9
damn,9
replaced,9
often,9
hazard,9
dad,9
korean,9
disease,9
national,9
treat,9
terrorism,9
avoid,9
cancerous,9
count,9
stay,9
controversial,8
caused,8
jacob,8
guillotine,8
highly,8
counseling,8
talking,8
de,8
union,8
craft,8
east,8
greatness,8
war,8
removed,8
na,8
curiouserialbox,8
healthy,8
sharing,8
secured,8
liquid,8
truck,8
reagancoalition,8
looking,8
place,8
saving,8
embalming,8
require,8
veteran,8
show,8
dbarcberks,8
article,8
come,8
commander,8
real,8
accidentatwork,8
either,8
gaza,8
gone,8
httweets,8
separate,8
tarakrindani,8
canceled,8
blast,8
uhr,8
reason,8
put,8
snowboarding,8
superbowl,8
destruction,8
believe,8
poythress,8
toront,8
wrote,8
kink,8
purdy,8
disappointing,8
realbrainbook,8
higher,8
amy,8
formal,8
decision,8
um,8
nadinelustre,8
kidney,8
revision,8
age,8
michael,8
retweeted,8
depression,8
eating,8
lee,8
ladyluster,8
slide,8
society,8
oozing,8
mustapha,8
ellievcole,8
hamas,8
neither,8
einestages,8
joke,8
willing,8
kcapinoystar,8
ausparalympics,8
rting,8
triumphant,8
goodness,8
straight,7
travel,7
office,7
stealing,7
medicine,7
meningitisnow,7
anatomy,7
aunt,7
replant,7
omg,7
worldcancerday,7
bahthandtherapy,7
deal,7
icm,7
tip,7
hurt,7
change,7
talk,7
h,7
bite,7
dash,7
wanting,7
paid,7
middle,7
admit,7
gore,7
important,7
always,7
health,7
dont,7
valentine,7
grey,7
listen,7
fine,7
iradiophilly,7
last,7
sensitive,7
liked,7
point,7
used,7
charot,7
continue,7
lesson,7
next,7
inspiring,7
etc,7
admitted,7
mhq,7
lead,7
using,7
sleep,6
hanging,6
increase,6
worth,6
enjoy,6
ever,6
survive,6
hot,6
pbbpadaluckmayward,6
band,6
elevator,6
thenewsminute,6
lbc,6
recommended,6
contact,6
pocket,6
multisupply,6
karen,6
illness,6
bcmhouston,6
cant,6
client,6
protocol,6
teenager,6
possible,6
gangrene,6
old,6
malaysia,6
burn,6
ensure,6
holding,6
picture,6
brave,6
boy,6
car,6
fuck,6
joumanagebara,6
group,6
christian,6
distributor,6
punishable,6
prosthesis,6
mutilation,6
aspirate,6
renal,6
senior,6
german,6
nice,6
spare,6
considering,6
sound,6
petunia,6
finish,6
director,6
walkingdead,6
dehydration,6
specimen,6
trumpwarnsiranianterrorism,6
realdonaldtrump,6
aiadmk,6
tripawds,6
road,6
agree,6
mass,6
thursday,6
worse,6
condition,6
evaluation,6
ahead,6
catsfromulthar,6
door,6
okcitypbs,6
hour,6
explains,6
sarcoma,6
developed,6
cardiovascular,6
yo,6
capability,6
idea,6
candidjenny,6
beyond,6
theview,6
heroic,6
w,6
edrormba,6
prosth,6
doctorfrancisco,6
pretty,6
shepherd,6
theft,6
violent,6
probably,6
worlderpe,6
recalled,6
prevention,6
rus,6
within,6
filed,6
paralym,6
similar,6
sealboss,6
stansprivates,6
helping,6
required,6
train,6
try,6
survey,6
clark,6
jaff,6
standing,6
charity,6
high,6
syndrome,6
le,6
staying,6
florida,6
keen,6
designed,6
matthias,6
system,6
gfriese,6
painful,6
claim,6
agency,6
polyurethane,6
mikenoono,6
job,6
walk,6
trademark,6
faced,6
meningitis,6
cjgroombridge,6
epoxy,6
home,6
blade,6
problem,6
detail,6
revascularization,6
unfurl,5
lack,5
every,5
med,5
hospital,5
word,5
elbow,5
hudud,5
nike,5
nsfw,5
another,5
though,5
letter,5
genital,5
definitely,5
di,5
dx,5
despite,5
report,5
tacticalhem,5
detektorfm,5
suggested,5
umassmedcwm,5
btmedneg,5
aim,5
dogrescue,5
cosmetic,5
antique,5
ppl,5
hear,5
anaesthetic,5
happen,5
np,5
vietnam,5
healthsouth,5
gun,5
somalia,5
beautiful,5
angela,5
topic,5
living,5
quite,5
copy,5
equipment,5
wing,5
walking,5
marriagementor,5
osteogenic,5
technology,5
ivy,5
severe,5
except,5
test,5
chop,5
settlement,5
battle,5
dogsdaily,5
experience,5
threat,5
urine,5
late,5
everyone,5
elective,5
iranian,5
self,5
muchoray,5
askrenal,5
set,5
yesterday,5
obviously,5
emergency,5
intensive,5
oyetunde,5
zesa,5
salvation,5
meet,5
instead,5
wrist,5
addiction,5
peteranshof,5
klout,5
sex,5
fact,5
wittier,5
nightmare,5
refugeingrief,5
present,5
party,5
newarrival,5
underwent,5
noticed,5
function,5
ear,5
oppression,5
dell,4
diverting,4
miller,4
ilooklikeanerdoc,4
street,4
hate,4
told,4
meh,4
study,4
wdt,4
unit,4
secular,4
must,4
room,4
cited,4
maajidnawaz,4
complaining,4
agony,4
shrug,4
bellanaija,4
cli,4
affected,4
break,4
payback,4
side,4
saturday,4
gon,4
wanted,4
mum,4
expense,4
jaya,4
active,4
ether,4
riley,4
hiring,4
worker,4
worked,4
gave,4
tissue,4
succed,4
prior,4
evil,4
sporting,4
easy,4
dysvascular,4
unique,4
bola,4
insipidus,4
yelling,4
medium,4
extremity,4
jhseur,4
diagnose,4
prayer,4
physical,4
webadvisorinfo,4
beheading,4
serious,4
technique,4
join,4
p,4
aaronbastani,4
team,4
sign,4
appeal,4
cranial,4
working,4
soul,4
dialysis,4
replantation,4
islamic,4
prosthetics,4
whitelacelovely,4
qualified,4
billevenson,4
stockholm,4
em,4
yeah,4
card,4
vote,4
friend,4
america,4
webmd,4
pastmedhistory,4
reading,4
morning,4
islam,4
survival,4
jo,4
cbcolympics,4
duty,4
satisfaction,4
learning,4
bmj,4
shinocchidesu,4
decapitation,4
nh,4
solve,4
pickwickpick,4
thinking,4
provides,4
knife,4
asap,4
ok,4
santoshetti,4
promote,4
puppy,4
poor,4
congress,4
religious,4
dressing,4
youcaring,4
anal,4
still,4
learned,4
aweyken,4
dem,4
sense,4
phrase,4
paw,4
ortho,4
artery,4
lister,4
judeinlondon,4
house,4
reduce,4
insurance,4
issue,4
undergo,4
avmajournals,4
gruesome,4
lit,4
foamed,4
nothing,4
indianexpress,4
find,4
factor,4
zafnaqui,4
remove,4
riddell,4
considered,4
expert,4
numerous,4
libsterlobster,4
recently,4
fgm,4
belt,4
strategy,4
uosm,4
wichita,4
look,4
bespoke,4
century,4
histsurg,4
chennai,4
kni,4
lovemusicgl,4
accepted,4
majority,4
causing,4
circumcision,4
bravelad,4
mighty,4
scale,4
bc,4
step,4
bp,4
dude,4
forward,4
line,4
uk,4
rancid,4
intdiabetesfed,4
scrub,4
alien,4
penis,4
menses,4
animalsosslanka,4
hunger,4
putting,4
dresslikeawoman,4
acid,4
let,4
healing,4
hahahahaha,4
transient,4
nightlong,4
kelantan,4
danskos,4
profile,4
hahahaha,4
producer,4
perfect,4
spotify,4
mellitus,4
permanent,4
uksepsistrust,4
cutting,4
related,4
thecosmicwizard,4
completely,4
tied,4
ksacandy,4
quality,4
attack,4
malpractice,4
dujohnleslie,4
class,4
face,4
histmed,4
watching,4
tbi,4
tunein,4
janet,4
key,4
equal,4
co,4
table,4
hindu,4
folding,4
cbs,4
site,4
mdkohn,4
wreckage,4
visitmymosque,4
clinic,4
usage,4
adl,4
increased,4
hair,4
leader,4
foamped,4
finale,4
epidemiology,4
rare,4
futurism,4
disab,4
pzfritz,4
genitals,4
pin,4
book,4
tumor,4
diagnosis,4
personally,3
captain,3
artist,3
speakerryan,3
blackhistorymonth,3
avert,3
campaign,3
mobility,3
cannibal,3
badly,3
arthritis,3
effective,3
deck,3
womann,3
plaster,3
rocky,3
slavery,3
independent,3
mangled,3
john,3
ebay,3
mine,3
seen,3
seem,3
forced,3
blue,3
victoria,3
tha,3
us,3
drawn,3
ill,3
tough,3
trust,3
electrocution,3
mexico,3
suggest,3
showing,3
fww,3
game,3
brenner,3
yet,3
trimming,3
night,3
wwi,3
michaelsorvino,3
upsaribuhay,3
civil,3
ppt,3
reducing,3
melanie,3
emotional,3
cathouseotkings,3
welcome,3
fell,3
urgentcatstampa,3
grateful,3
gum,3
leave,3
porn,3
fingernail,3
bacteria,3
supporting,3
water,3
wait,3
diagnosed,3
pollyanna,3
osteosarcoma,3
loving,3
awesome,3
safeworkmb,3
mad,3
auger,3
cole,3
insomnia,3
lunch,3
feature,3
name,3
en,3
space,3
quran,3
million,3
tomorrow,3
outcome,3
aquatictherapy,3
donation,3
slow,3
dick,3
enough,3
hockey,3
nearly,3
tampabay,3
sean,3
chemogiftbagsuk,3
precious,3
womendocsinspi,3
worry,3
example,3
komada,3
rover,3
rear,3
acute,3
endorses,3
facing,3
ol,3
journey,3
bbc,3
hyperglycemia,3
ap,3
phys,3
deadline,3
program,3
song,3
fat,3
steve,3
small,3
gabecohenkomo,3
ter,3
brief,3
trinket,3
mysings,3
operating,3
strong,3
bible,3
basically,3
known,3
saribebes,3
history,3
challenging,3
collision,3
fb,3
coming,3
seanurayenza,3
hell,3
fined,3
ya,3
easily,3
found,3
alcohol,3
bretton,3
dealt,3
definition,3
needing,3
major,3
miss,3
pledge,3
pedemmorsels,3
passed,3
challenge,3
megsahokie,3
land,3
play,3
cover,3
rescued,3
scooter,3
biopsy,3
rest,3
applewhite,3
chose,3
vascular,3
mbag,3
c,3
community,3
resting,3
gay,3
else,3
fun,3
drs,3
vol,3
braininjury,3
development,3
agnesbookbinder,3
couldve,3
recent,3
lady,3
pen,3
replacement,3
infected,3
properly,3
info,3
warning,3
apropos,3
phantom,3
drag,3
infographic,3
libraryarchives,3
kitty,3
account,3
kit,3
power,3
unsafely,3
cell,3
pleading,3
sexy,3
opinion,3
manage,3
harrowing,3
sore,3
medstarfranklin,3
corpse,3
realized,3
crash,3
jaguar,3
february,3
hargrovemaycie,3
loses,3
route,3
scene,3
bitch,3
ankle,3
stomach,3
ben,3
false,3
comfortably,3
labyuuuuuuuuuuuu,3
supporter,3
based,3
joint,3
metacarpophalangeal,3
grain,3
ca,3
hscsscotland,3
resident,3
facebook,3
sunrise,3
latest,3
wed,3
page,3
curley,3
literally,3
medieval,3
throne,3
swear,3
gatsby,3
included,3
weather,3
limit,3
hydrotherapy,3
pic,3
star,3
acreyamoo,2
four,2
abide,2
appetite,2
penile,2
paris,2
digit,2
callie,2
postpone,2
encounter,2
hatebreed,2
ref,2
clothes,2
kyleorl,2
force,2
japanese,2
likely,2
air,2
worthlessness,2
brexit,2
lizard,2
gravitatin,2
socialised,2
litchi,2
hero,2
whose,2
men,2
pati,2
paranthropus,2
woodywizz,2
itunes,2
saint,2
couple,2
york,2
joshua,2
golden,2
fantastic,2
secure,2
sarah,2
spacebandicoot,2
passport,2
holy,2
cardiology,2
drowning,2
aware,2
glass,2
lordashcroft,2
natpainreport,2
cuddle,2
loosen,2
david,2
absolute,2
machine,2
toxic,2
pbbpadaluckkissyong,2
bruthewang,2
lab,2
lap,2
ablation,2
worst,2
quickmedclaims,2
bleach,2
tarekfatah,2
trying,2
fic,2
eventually,2
touchbionics,2
oxygen,2
victory,2
reasonable,2
naismithmatt,2
spidey,2
gunna,2
mdd,2
iswlw,2
decree,2
overcame,2
driving,2
oprah,2
diesel,2
nope,2
mayday,2
smh,2
gop,2
provide,2
turning,2
barrier,2
ata,2
louse,2
hopeless,2
placket,2
caught,2
reintroduced,2
hearing,2
rant,2
comic,2
dysfunction,2
service,2
ton,2
tourniquet,2
happily,2
luncheon,2
distance,2
anxiety,2
showed,2
second,2
matter,2
historical,2
feeling,2
spoiler,2
entail,2
hembabubba,2
ambulation,2
qmc,2
ray,2
pranked,2
statnews,2
shallow,2
mouth,2
camp,2
m,2
treaty,2
leaflet,2
diabetesuk,2
scotch,2
reserve,2
resentfultweet,2
queen,2
sexism,2
occ,2
neurolysis,2
disgust,2
pursuing,2
scalpel,2
dm,2
pierced,2
fuking,2
bar,2
charcot,2
public,2
jayadeath,2
basharassad,2
release,2
steal,2
appendectomy,2
headed,2
specialist,2
yellowpixies,2
nut,2
roasted,2
fail,2
trouncing,2
interviewing,2
unable,2
hopefully,2
atlasshrugs,2
ask,2
wi,2
wh,2
extent,2
ahora,2
una,2
coe,2
cartilage,2
panslabyrinth,2
sepsisawareness,2
eyesight,2
conference,2
fuckeveryword,2
beef,2
lsbedq,2
commission,2
joltdude,2
refuted,2
spit,2
tiredactor,2
endroll,2
homebound,2
calcium,2
near,2
aid,2
procedure,2
cont,2
susansarandon,2
oyictbw,2
vascularised,2
hahah,2
evolve,2
coygoonersgirl,2
kept,2
thy,2
papaphfresh,2
failing,2
cancellation,2
papercut,2
assembling,2
human,2
handshake,2
family,2
phillips,2
elbryan,2
josh,2
spread,2
shoutforlife,2
pilonidal,2
advanced,2
apart,2
insurgent,2
paraphrase,2
unnecessary,2
officer,2
secondlady,2
security,2
wwe,2
psychogenic,2
phenomenal,2
foe,2
denied,2
beating,2
huffingtonpost,2
corp,2
chapter,2
foreskin,2
slither,2
afternoon,2
osborn,2
lied,2
dean,2
peaveygrl,2
strangely,2
wan,2
grumpybirb,2
fight,2
avail,2
absolutely,2
fought,2
wat,2
shhh,2
happy,2
heal,2
blindness,2
true,2
responding,2
plymouth,2
recalling,2
separated,2
atypical,2
atwood,2
awhile,2
vps,2
floor,2
reality,2
implant,2
company,2
intend,2
faster,2
potato,2
coach,2
ouch,2
ventilator,2
involved,2
everything,2
contemplating,2
finally,2
bribed,2
ride,2
masturbate,2
cool,2
witting,2
blesma,2
jamie,2
crisprtek,2
alanthirsch,2
quick,2
trend,2
pma,2
pmo,2
readingguide,2
constitution,2
barbie,2
debate,2
ummmm,2
honour,2
french,2
understanding,2
scribbleymark,2
baseball,2
alone,2
disableddog,2
rannie,2
khuyeh,2
montreal,2
regeneration,2
marked,2
veqy,2
shaming,2
kingbeyoncestan,2
preve,2
sweating,2
citizen,2
baes,2
peru,2
australian,2
thru,2
colingale,2
afford,2
acceptable,2
ooh,2
clue,2
flu,2
printing,2
dedicated,2
heard,2
pond,2
handle,2
till,2
maestra,2
plus,2
speaks,2
max,2
grow,2
natural,2
neck,2
explicit,2
st,2
thorny,2
pullen,2
pulled,2
sd,2
playworld,2
schwartz,2
footstep,2
mainly,2
truthful,2
course,2
terrace,2
grafted,2
smoothie,2
interesting,2
amazing,2
yorkshire,2
tort,2
pneumonia,2
texas,2
killer,2
tucker,2
srsly,2
richardbeale,2
prick,2
bullshit,2
january,2
futureofheathcare,2
redraw,2
spiking,2
reckons,2
tried,2
seriously,2
trauma,2
maneuver,2
hangnail,2
pumping,2
complicated,2
scarred,2
training,2
ministry,2
pressuredroppioneer,2
puny,2
pelican,2
romania,2
nutritional,2
directly,2
open,2
tingling,2
silent,2
slept,2
pararescue,2
uchicagoreg,2
pegisch,2
white,2
nutrition,2
nueropathy,2
lfbarfe,2
justthefacts,2
becuz,2
rehab,2
r,2
poisoning,2
proactive,2
ana,2
marathon,2
sat,2
weeziesbooks,2
overcoming,2
fracture,2
impairment,2
begin,2
theatre,2
uyy,2
knew,2
twitterati,2
shcool,2
forever,2
touchy,2
constellars,2
moisterrific,2
welp,2
aggressive,2
ground,2
crime,2
black,2
rmhcseattle,2
outrage,2
karlravechespn,2
owillis,2
excision,2
doble,2
naked,2
stupid,2
discussing,2
worrying,2
silently,2
fatrick,2
essence,2
sport,2
subsequent,2
fascinated,2
thurs,2
behind,2
umqusaisj,2
across,2
notice,2
august,2
concentrate,2
jj,2
tue,2
reaction,2
necropsy,2
stretcher,2
madness,2
twin,2
timbersports,2
teammate,2
direction,2
mindy,2
benjedwards,2
single,2
cast,2
scum,2
ive,2
pinky,2
lveor,2
capping,2
nkansahrexford,2
nhms,2
pay,2
bowl,2
groper,2
tebbytater,2
drugged,2
fruit,2
knintendo,2
relied,2
inability,2
justify,2
taugh,2
kill,2
halfway,2
hint,2
mizunorunning,2
extensive,2
rumour,2
dealing,2
virginia,2
unedited,2
mon,2
griffinanisa,2
jadaidc,2
roll,2
benefit,2
alissaplafker,2
output,2
tower,2
passionate,2
stretched,2
strangulation,2
slaughtering,2
highest,2
legal,2
teenagecancer,2
favourite,2
mcclane,2
refer,2
felt,2
sixth,2
nyamhistory,2
despicable,2
oliver,2
esante,2
mondaymotivation,2
exciting,2
jeez,2
aircon,2
oc,2
bond,2
checkup,2
fundraising,2
bridgeotto,2
sm,2
benphillipsuk,2
fanart,2
distracted,2
racism,2
start,2
lot,2
fish,2
speculate,2
easterneurope,2
limblessassoc,2
amongst,2
survived,2
irreversible,2
rescuing,2
johnnewmanmusic,2
torso,2
detailed,2
ad,2
geriatric,2
describe,2
fellow,2
watched,2
pmoi,2
trumplies,2
shaun,2
bilateral,2
crookdrama,2
starting,2
tourniqu,2
dogboner,2
txizalxam,2
allergy,2
sunk,2
dhesimd,2
alt,2
reluctant,2
imma,2
trixie,2
enjoying,2
tb,2
ta,2
horror,2
faq,2
cadaver,2
fan,2
awful,2
sans,2
list,2
worded,2
population,2
crayyyy,2
nearing,2
healed,2
invention,2
healer,2
cepjvyt,2
onorobo,2
sub,2
richardosman,2
method,2
musically,2
thankfully,2
fmohnigeria,2
escuchas,2
obra,2
realalu,2
omhshsg,2
minor,2
massikachu,2
waxed,2
tapeworm,2
javiersls,2
broke,2
amputate,2
none,2
underd,2
prisknews,2
hamburger,2
stated,2
fiving,2
minimum,2
gingermort,2
condemn,2
huge,2
imminent,2
musica,2
gash,2
rawrgod,2
anytime,2
footed,2
vintage,2
egg,2
playing,2
pjpsych,2
disabled,2
alter,2
aquarist,2
hurting,2
propose,2
compound,2
wifout,2
mystery,2
daveloughran,2
coping,2
unshakable,2
harm,2
begged,2
circumcised,2
brother,2
practitioner,2
anxious,2
hadith,2
hnng,2
cabinetgovernment,2
belief,2
hosted,2
rated,2
speculation,2
misogyny,2
american,2
starbranded,2
guess,2
paint,2
wonderful,2
jee,2
mama,2
hotel,2
erinefarley,2
mondayblues,2
translation,2
compartment,2
gotten,2
instruction,2
youth,2
marriage,2
tdneliton,2
sentenced,2
juice,2
lie,2
built,2
dancing,2
tool,2
lpcprosthetics,2
towards,2
murphymike,2
needle,2
reckon,2
trumpwilldestroyiran,2
extremely,2
muscle,2
kd,2
josiiii,2
jflxm,2
finn,2
nervous,2
breastcancerpatients,2
hip,2
intractable,2
plushie,2
banned,2
sensanders,2
pellet,2
floydbrace,2
braddom,2
banking,2
x,2
art,2
dredrenicole,2
cardioian,2
merch,2
learns,2
visiting,2
currently,2
orthepedic,2
lagunabeach,2
opposition,2
invisible,2
lash,2
indiatoday,2
simple,2
simply,2
throughout,2
dream,2
maketheshoefit,2
described,2
acceptance,2
describes,2
momentous,2
ireland,2
pile,2
po,2
woke,2
chattel,2
lived,2
radiofrequency,2
wet,2
specifically,2
hcsmeufr,2
newmusic,2
scratching,2
error,2
huffington,2
grip,2
pound,2
hoping,2
vow,2
beautifully,2
rid,2
unitetheunion,2
noooo,2
ewe,2
conflict,2
itch,2
moment,2
moving,2
bob,2
inspirational,2
sureshpprabhu,2
regardless,2
prince,2
musicmonday,2
wage,2
cuz,2
nayeonbot,2
theflash,2
remaining,2
surprised,2
march,2
iyung,2
bid,2
shitty,2
suffering,2
warriorandorian,2
cognitive,2
oncoming,2
disorder,2
adulterous,2
bucharest,2
google,2
fucking,2
server,2
smexyemovampire,2
montag,2
staple,2
enhughesiasm,2
dating,2
nose,2
lmaoooo,2
refused,2
chole,2
nueve,2
gammy,2
netflix,2
jennyjaffe,2
platoonofjudoon,2
block,2
nsw,2
diuresis,2
span,2
transolaf,2
sock,2
fast,2
sonni,2
twitter,2
jewish,2
poster,2
cooterthug,2
thief,2
mulberry,2
sun,2
nutshell,2
budgit,2
uh,2
deliverance,2
associated,2
defined,2
engineering,2
stripper,2
utedaddy,2
disappointe,2
department,2
draw,2
accidental,2
gardenia,2
aldubxdtbydreamhouse,2
utterly,2
vigil,2
feasible,2
lane,2
viiipromo,2
regepoison,2
hitandrun,2
appalling,2
cooked,2
hospitalisation,2
walker,2
bandaid,2
hello,2
scratch,2
infatuation,2
humorintact,2
include,2
ncriusisaid,2
retire,2
torture,2
toenail,2
drinking,2
continued,2
russia,2
meant,2
race,2
bleeding,2
talkpoverty,2
odd,2
index,2
normie,2
slight,2
vampire,2
waiting,2
experiment,2
capital,2
paediatric,2
pressure,2
larger,2
affordable,2
grease,2
defeat,2
maker,2
thats,2
win,2
private,2
edgarvlermam,2
nursing,2
feb,2
usa,2
maneating,2
depicted,2
camera,2
vehicle,2
levelheaded,2
upcoming,2
aca,2
confused,2
iii,2
duped,2
tad,2
grindcore,2
athlete,2
closing,2
potus,2
control,2
thirsty,2
favorite,2
halloween,2
mmfa,2
tag,2
sir,2
ptaddonio,2
udocarelsesa,2
toddler,2
sin,2
conquers,2
uhhh,2
julios,2
robprovince,2
septic,2
chief,2
mcgill,2
healthcare,2
heatwaves,2
rusted,2
repentant,2
charting,2
maneuve,2
orange,2
bye,2
auto,2
practice,2
documented,2
amonamarth,2
thrill,2
fundraiser,2
edgeypoo,2
truth,2
shortage,2
eshelstad,2
static,2
marley,2
playground,2
burka,2
jeff,2
clarify,2
scary,2
g,2
scare,2
davidehrlich,2
there,2
wholesomeness,2
blogger,2
impedimenta,2
owner,2
stump,2
sadly,2
bbchealth,2
perfectly,2
enforcement,2
nobody,2
steel,2
loved,2
aspiration,2
positivevibes,2
exhibit,2
nonbipolar,2
clit,2
sidewalk,2
afraid,2
mid,2
tactic,2
sylvias,2
nytimes,2
allow,2
alistaircoleman,2
theswiftkilljoy,2
cracking,2
future,2
davidlsims,2
stranded,2
request,2
crpsrsduk,2
looked,2
birching,2
parker,2
mistook,2
anyway,2
bring,2
purringtonpost,2
atonibg,2
staff,2
litigation,2
sexualjumanji,2
diessicans,2
score,2
local,2
discovers,2
intothecrevasse,2
balorhasrisen,2
eatrealfood,2
fallout,2
distraught,2
sinus,2
tapewormed,2
brain,2
shy,2
oscuro,2
stuff,2
avoidable,2
spotted,2
accuses,2
burying,2
humane,2
packed,2
reform,2
routine,2
bought,2
keg,2
thumb,2
instant,2
drug,2
otherwise,2
mengele,2
addition,2
rhody,2
ah,2
rainnwilson,2
laser,2
appearance,2
value,2
persevered,2
fault,2
estimable,2
tattoo,2
perhaps,2
stephenkb,2
member,2
matthew,2
ball,2
effect,2
isaacfadewole,2
neuropathy,2
weapon,2
nakatomi,2
position,2
drawing,2
flesh,2
upperlimb,2
glum,2
collodermis,2
apostasy,2
norfolkspca,2
gma,2
supply,2
combine,2
surgicalresearch,2
nourishedcloud,2
identical,2
ksnnews,2
crushed,2
kellogg,2
five,2
press,2
footage,2
illegally,2
library,2
choosing,2
recommendation,2
oppos,2
uncladlad,2
wargs,2
pethealth,2
kristin,2
pulpy,2
tabasa,2
freemason,2
laurenduca,2
getting,2
tongue,2
introduced,2
vizio,2
gymnastic,2
pointless,2
munchkinsivan,2
stainless,2
bus,2
brand,2
hi,2
plague,2
threaten,2
beginni,2
whether,2
edgarvlermamd,2
petmpodcast,2
ruling,2
slowing,2
multimodal,2
incogellen,2
lobotomy,2
incredible,2
margaret,2
chance,2
intothewoods,2
agonizing,2
inspiration,2
necrosis,2
rule,2
emerg,2
lima,2
treetment,1
consists,1
consider,1
catheterise,1
disability,1
kiernon,1
bike,1
purbrooktony,1
courtearsfordogs,1
rjgeronaaa,1
skillz,1
urinating,1
tired,1
pubic,1
pulse,1
sustaining,1
ajenglish,1
lrihendry,1
neo,1
jaundice,1
osha,1
tortureporn,1
aftermath,1
jbenc,1
taped,1
indentation,1
fournier,1
total,1
spoke,1
davidnakamura,1
inevitable,1
aur,1
administering,1
type,1
posting,1
successful,1
amwriting,1
intake,1
te,1
mo,1
lynnrwebstermd,1
tnx,1
dloesch,1
akin,1
india,1
pambesteder,1
sick,1
hoe,1
conversation,1
green,1
exchange,1
sixfeetofficial,1
fit,1
polygamy,1
lavenderandy,1
versus,1
coffee,1
theloudentavern,1
prevented,1
unomaha,1
nicokarolina,1
dnc,1
doctorcaldwell,1
practising,1
ikeausa,1
ru,1
pulmonology,1
youbettheydie,1
bfvhrescues,1
lisalowrywkyc,1
threatened,1
glucotrack,1
sachietv,1
witshouston,1
manuf,1
organize,1
shopper,1
nhi,1
elric,1
sufferin,1
toy,1
hqnigerianarmy,1
kbhossqbx,1
moisture,1
wisdom,1
traumatomy,1
silly,1
seater,1
boston,1
mind,1
lbb,1
principle,1
mint,1
okie,1
ingrown,1
phase,1
doi,1
declaw,1
chris,1
came,1
justclipit,1
cindyca,1
nephew,1
headline,1
sugar,1
theme,1
plate,1
bonersauceboss,1
fluid,1
da,1
autistic,1
idiotic,1
steak,1
scrubbed,1
mandatory,1
fascinating,1
podiatrist,1
actofu,1
depends,1
optimum,1
artificial,1
unicef,1
demanded,1
bokoharam,1
con,1
worlddiabetesf,1
epidemic,1
initiative,1
garrettdimon,1
question,1
bathroom,1
fri,1
lovely,1
hospitalized,1
civilwar,1
sunshine,1
niece,1
cunt,1
publicly,1
subjugati,1
k,1
seven,1
sticker,1
yeshuaschildren,1
shame,1
il,1
fabulously,1
placement,1
walkin,1
sleepyhead,1
klivehume,1
potentially,1
dark,1
discoloration,1
greatest,1
newcastle,1
dvatw,1
iamsairakhan,1
supremacist,1
charlesflehman,1
birth,1
cdcgov,1
sadskeletonboy,1
informative,1
tripper,1
statistic,1
dear,1
unavoidable,1
fox,1
cnn,1
discount,1
craftmacncheesy,1
ilovemyjob,1
dinner,1
raised,1
carpal,1
uscpsc,1
wrap,1
anorexia,1
music,1
intolerance,1
offering,1
offer,1
taboo,1
failure,1
kiniofcologne,1
schoolable,1
stronger,1
evidence,1
guessed,1
fashioned,1
glacier,1
ne,1
interested,1
belizemarc,1
smell,1
healthnews,1
genocide,1
weekend,1
daily,1
stick,1
urinary,1
citydogsc,1
invent,1
retention,1
mcjantje,1
brown,1
tubby,1
choice,1
minute,1
kilgallena,1
slower,1
fearing,1
widened,1
healthline,1
irritated,1
rapist,1
joetrippi,1
stressful,1
realizing,1
voteleavewatch,1
holafebrero,1
reply,1
ulceration,1
abscbnnews,1
usually,1
debbybruck,1
prefer,1
lifeofpain,1
bravely,1
positive,1
teeth,1
msg,1
metalmunchkin,1
plug,1
clitoris,1
wilsonnedepanda,1
shariah,1
graphic,1
making,1
metal,1
reviewing,1
figure,1
december,1
cardio,1
clinicalnegligence,1
litre,1
amputates,1
kariebookish,1
criterion,1
gaping,1
anime,1
irrational,1
aot,1
drastic,1
komahina,1
skullfuckin,1
whenever,1
wheelchair,1
q,1
reaper,1
approx,1
haircut,1
nitrogen,1
cold,1
tendency,1
torn,1
mamecastle,1
thanx,1
decreased,1
msnbc,1
main,1
outside,1
sooner,1
nation,1
half,1
drop,1
saintlyza,1
cindycapo,1
yikes,1
sifter,1
teamjay,1
crushing,1
zbmwdp,1
phalanx,1
worried,1
shown,1
container,1
profit,1
carbolic,1
brooke,1
limbcareuk,1
language,1
yup,1
vision,1
midfoot,1
onl,1
gout,1
parkinson,1
rdguk,1
reminder,1
grant,1
mostly,1
shawn,1
buts,1
butt,1
theweirdworld,1
impractical,1
scuba,1
mountain,1
ang,1
worldcancer,1
pro,1
ano,1
turned,1
pubmed,1
diabe,1
diabeteshour,1
form,1
underpaid,1
normal,1
roxie,1
klng,1
hughmccaughey,1
nephrogenic,1
wiidsofts,1
spulliam,1
federal,1
butchered,1
obstructive,1
shot,1
discovered,1
injection,1
awareness,1
recuperation,1
lighten,1
kiki,1
resource,1
fdic,1
reveals,1
yrhtgwkex,1
lithotmy,1
gmshivers,1
wonder,1
visceral,1
managing,1
dismemberment,1
importance,1
satiate,1
comp,1
pluck,1
coma,1
childbirth,1
mob,1
trader,1
schnell,1
fix,1
among,1
justagirlyall,1
thamesvalley,1
twit,1
invokana,1
maltman,1
imp,1
swift,1
cared,1
punished,1
bma,1
fela,1
sethrogen,1
pilot,1
eoirwoepriwpoejl,1
situation,1
robinince,1
aljshort,1
prevalence,1
donating,1
stevenfurtick,1
harsh,1
food,1
struggling,1
gratuity,1
sickness,1
senator,1
totally,1
complained,1
stopdeclawing,1
relief,1
nah,1
amazed,1
newspeak,1
dauntless,1
ahhhh,1
hind,1
meteorito,1
pill,1
desperately,1
grim,1
stopinfidelophobia,1
attempting,1
mikegalsworthy,1
explaining,1
conditional,1
diving,1
rbuehler,1
jamesvicktory,1
nadirindar,1
fitness,1
sjzara,1
doublejplays,1
frenchman,1
amputatio,1
industry,1
meal,1
medicare,1
snapchat,1
goalpost,1
totalitarian,1
survives,1
pulmo,1
extrative,1
posterior,1
suffers,1
ended,1
gorn,1
kingsherbal,1
arranged,1
celebrating,1
duouble,1
podiatry,1
johnny,1
moved,1
deep,1
hypercalcemia,1
adsc,1
hound,1
cream,1
event,1
storiesthisweek,1
utlwi,1
stocky,1
revolve,1
shiro,1
overwatch,1
iranianaffairs,1
alc,1
eda,1
toledo,1
equivalence,1
removal,1
chewing,1
urea,1
nhsmillion,1
toileting,1
supplement,1
withheld,1
knitter,1
material,1
stood,1
icanhandleit,1
contrast,1
clemsoncbshs,1
observing,1
almost,1
vegetarian,1
qualify,1
diabetesaus,1
social,1
nayanikaaa,1
alzheimer,1
luck,1
geoffbraterman,1
fucarile,1
followed,1
nareview,1
runnerlane,1
esrd,1
savinglegs,1
chrislhayes,1
pup,1
rachaelhxx,1
savinglimbs,1
dmullenmedia,1
asks,1
strait,1
flap,1
gold,1
promoting,1
deliquescence,1
liminnovations,1
rodriguez,1
sunny,1
mnts,1
court,1
ordinance,1
pocketful,1
clini,1
sandwich,1
economybeyond,1
corkscrew,1
lamsanjaygupta,1
numb,1
bombing,1
doctorkarl,1
doosra,1
lasting,1
greatr,1
infant,1
caudaequina,1
televise,1
highlighted,1
rapidly,1
kadybat,1
averts,1
eliseviebeck,1
backache,1
daibetic,1
overheard,1
cmtastar,1
aka,1
complain,1
erection,1
ifs,1
kobi,1
beesferry,1
generation,1
perspective,1
beyonc,1
electronic,1
timeline,1
greyhound,1
senor,1
ndtvdehradun,1
teach,1
ax,1
limerick,1
talked,1
mannyowar,1
swart,1
drcathyjack,1
store,1
selling,1
immediate,1
fidget,1
grace,1
obama,1
picked,1
canceling,1
substantial,1
factcheckasong,1
aged,1
vulnerable,1
wilson,1
cave,1
camiisados,1
lip,1
sherry,1
vibration,1
reach,1
chart,1
madelung,1
machete,1
hissy,1
whoopi,1
sometimes,1
stumped,1
dailydana,1
penalty,1
ques,1
wayne,1
petzealous,1
cpcldr,1
movable,1
swing,1
remedy,1
allbrevitywit,1
luxeposh,1
generally,1
approaching,1
insane,1
culture,1
dumb,1
pvd,1
ingrowing,1
available,1
irangathering,1
zaidjilani,1
kevinpbreslin,1
paleyinstitute,1
offending,1
icir,1
doctorwarmflash,1
experimental,1
bhi,1
unsuccessful,1
expensive,1
raise,1
pm,1
fund,1
brilliant,1
violently,1
terminator,1
ready,1
blindings,1
leverock,1
resulting,1
advise,1
temporary,1
assignment,1
deformity,1
yubtrollin,1
barry,1
urge,1
quirky,1
cheer,1
ultrasound,1
alternative,1
civilwarera,1
questioned,1
harvesting,1
bio,1
bfvh,1
ruff,1
necessary,1
ohloka,1
ptsd,1
phone,1
added,1
sight,1
irresistible,1
lardy,1
robferdman,1
per,1
religion,1
prof,1
shanemuk,1
fee,1
vaccine,1
dogrescuersinc,1
yolizama,1
grammy,1
kachengg,1
iterate,1
fryhdqvpm,1
bizarro,1
inhumane,1
barring,1
flow,1
cleveland,1
deceasedpuddle,1
kamay,1
preventing,1
application,1
baclofen,1
endocrine,1
drbrendanobrien,1
pretended,1
treatable,1
asyounotwish,1
fructose,1
senatormroberts,1
e,1
arabiangcis,1
limping,1
fresh,1
gi,1
send,1
dramatically,1
libby,1
wipe,1
entire,1
experiencing,1
gettin,1
verdict,1
relation,1
noted,1
stepping,1
islander,1
marykapadia,1
egotistical,1
paying,1
ktumulty,1
exercise,1
evilness,1
hao,1
airwaysfoodie,1
giant,1
extreme,1
stark,1
fasciitis,1
insulin,1
disobey,1
order,1
decrease,1
ligament,1
dumbest,1
scandal,1
singing,1
illegal,1
whipping,1
pinning,1
interestingnick,1
length,1
bureaucracy,1
clever,1
opposingviews,1
actual,1
obvious,1
thin,1
rehabilitation,1
dropped,1
porque,1
safetyrecall,1
process,1
furnier,1
pulling,1
puche,1
motivating,1
hyperkalemia,1
escalating,1
appro,1
sip,1
shoring,1
sendak,1
savebathlibrary,1
discussion,1
riberaba,1
flaggelation,1
untreated,1
later,1
charlestonsc,1
diabet,1
glassed,1
doesnt,1
map,1
frequency,1
measure,1
shannon,1
reh,1
announced,1
nickngfreelance,1
torres,1
thefirstchibi,1
transfer,1
implode,1
handy,1
inapporpriate,1
biting,1
geary,1
south,1
vmcbiqc,1
bostonpsyop,1
blackseed,1
playlist,1
fair,1
final,1
remember,1
correlate,1
bonesaw,1
providing,1
zarkon,1
close,1
myleftfang,1
apparently,1
tale,1
thegoodmanco,1
eight,1
tripod,1
sahi,1
drempathy,1
brew,1
typical,1
jeremybiltz,1
airlift,1
whileecoyote,1
spindle,1
markdpritchard,1
sanctioned,1
harrisfootball,1
cube,1
chicago,1
massacre,1
genitalia,1
swansea,1
clemsonresearch,1
miningindaba,1
fixed,1
view,1
temporarily,1
mentioned,1
theocracy,1
phaser,1
closet,1
transmetatarsal,1
calcaneous,1
progress,1
midnight,1
however,1
optional,1
hitten,1
taking,1
swim,1
wtf,1
toilet,1
humanrights,1
slowly,1
upbeat,1
antifungal,1
bergopolis,1
painted,1
tulsaworld,1
criminal,1
swsphn,1
docjkcardinal,1
layer,1
anagram,1
cpsc,1
tricityherald,1
whore,1
cind,1
administration,1
largest,1
shuttle,1
robotic,1
pedal,1
necrotizing,1
stonin,1
southeastern,1
keffer,1
command,1
english,1
dose,1
rescue,1
llansamlet,1
nicky,1
wen,1
googling,1
arrest,1
smart,1
fyi,1
cyndiandlatte,1
grimmett,1
tamaldemole,1
nigga,1
apotemnophobia,1
thejesusandmaryc,1
shes,1
dahomes,1
happens,1
makulit,1
lear,1
inflammation,1
blurry,1
bowling,1
shellacked,1
although,1
surge,1
fear,1
lmk,1
powerpoint,1
euroscientist,1
functional,1
mere,1
activeamputee,1
museum,1
dami,1
buy,1
insurer,1
stongly,1
gait,1
reminds,1
wight,1
cruel,1
inadequate,1
cartoonsbyjosh,1
baksheesh,1
anncoulter,1
relativ,1
album,1
vega,1
scubadiving,1
additionally,1
